query	acc.	reference	acc.	%	identity	not	used	not	used	not	used	query	start	query	end	reference	start	reference	end	not	used	not	used	score	query	strand	reference	strand	query	length	BTOP	num	placements	not	used	compartment	left	overhang	right	overhang	mate	reference	mate	ref.	start	composite	score
K00337:360:HGLT2BBXY:6:1109:7638:37273	-	0	0	0	0	0	0	0	0	0	99	0	-	-	101	-	0	-	-	-	-	-	-	0
K00337:360:HGLT2BBXY:6:1109:7659:37273	-	0	0	0	0	0	0	0	0	0	99	0	-	-	101	-	0	-	-	-	-	-	-	0
K00337:360:HGLT2BBXY:6:1109:8024:37273	-	0	0	0	0	0	0	0	0	0	99	0	-	-	101	-	0	-	-	-	-	-	-	0
K00337:360:HGLT2BBXY:6:1109:8308:37273	-	0	0	0	0	0	0	0	0	0	99	0	-	-	82	-	0	-	-	-	-	-	-	0
K00337:360:HGLT2BBXY:6:1109:13514:37326	-	0	0	0	0	0	0	0	0	0	99	0	-	-	101	-	0	-	-	-	-	-	-	0
K00337:360:HGLT2BBXY:6:1109:13839:37326	921273822	100	0	0	0	9	39	27815	27845	0	99	31	plus	plus	39	31	3	-	1:18	GCCAGGGT	-	-	-	31
K00337:360:HGLT2BBXY:6:1109:13839:37326	1011911251	100	0	0	0	9	39	711956	711986	0	99	31	plus	plus	39	31	3	-	1:19	GCCAGGGT	-	-	-	31
K00337:360:HGLT2BBXY:6:1109:13839:37326	1011237662	100	0	0	0	9	39	509688	509718	0	99	31	plus	plus	39	31	3	-	1:20	GCCAGGGT	-	-	-	31	
K00337:360:HGLT2BBXY:6:1109:13981:37326	666359773	98.0198	0	0	0	1	101	16185364	16185464	0	99	91	plus	plus	101	11TC70CT18	1	-	1:21	-	-	-	-	91
K00337:360:HGLT2BBXY:6:1109:22485:37466	752558267	94.0594	0	0	0	1	101	1040686	1040586	0	99	71	plus	minus	101	9CG17GC42CT8TC1CT2CT16	4	-	1:45	-	-	-	-	71
K00337:360:HGLT2BBXY:6:1109:22485:37466	829091544	94.0594	0	0	0	1	101	15782	15682	0	99	71	plus	minus	101	9CG17GC42CT8TC1CT2CT16	4	-	1:46	-	-	-	-	71	
K00337:360:HGLT2BBXY:6:1109:22485:37466	1122357335	94.0594	0	0	0	1	101	14309	14209	0	99	71	plus	minus	101	9CG17GC42CT8TC1CT2CT16	4	-	1:47	-	-	-	-	71
K00337:360:HGLT2BBXY:6:1109:22485:37466	1122363542	94.0594	0	0	0	1	101	13039	12939	0	99	71	plus	minus	101	9CG17GC42CT8TC1CT2CT16	4	-	1:48	-	-	-	-	71
K00337:360:HGLT2BBXY:6:1109:23013:37466	-	0	0	0	0	0	0	0	0	0	99	0	-	-	101	-	0	-	-	-	-	-	-	0
K00337:360:HGLT2BBXY:6:1109:7638:37273	-	0	0	0	0	0	0	0	0	0	99	0	-	-	101	-	0	-	-	-	-	-	-	0	
K00337:360:HGLT2BBXY:6:1109:7659:37273	-	0	0	0	0	0	0	0	0	0	99	0	-	-	101	-	0	-	-	-	-	-	-	0
K00337:360:HGLT2BBXY:6:1109:8024:37273	-	0	0	0	0	0	0	0	0	0	99	0	-	-	101	-	0	-	-	-	-	-	-	0
K00337:360:HGLT2BBXY:6:1109:8308:37273	-	0	0	0	0	0	0	0	0	0	99	0	-	-	82	-	0	-	-	-	-	-	-	0
K00337:360:HGLT2BBXY:6:1109:13514:37326	-	0	0	0	0	0	0	0	0	0	99	0	-	-	101	-	0	-	-	-	-	-	-	0
K00337:360:HGLT2BBXY:6:1109:13839:37326	921273822	100	0	0	0	9	39	27815	27845	0	99	31	plus	plus	39	31	3	-	1:18	GCCAGGGT	-	-	-	31
K00337:360:HGLT2BBXY:6:1109:13839:37326	1011911251	100	0	0	0	9	39	711956	711986	0	99	31	plus	plus	39	31	3	-	1:19	GCCAGGGT	-	-	-	31
K00337:360:HGLT2BBXY:6:1109:13839:37326	1011237662	100	0	0	0	9	39	509688	509718	0	99	31	plus	plus	39	31	3	-	1:20	GCCAGGGT	-	-	-	31
K00337:360:HGLT2BBXY:6:1109:13981:37326	666359773	98.0198	0	0	0	1	101	16185364	16185464	0	99	91	plus	plus	101	11TC70CT18	1	-	1:21	-	-	-	-	91
K00337:360:HGLT2BBXY:6:1109:22485:37466	752558267	94.0594	0	0	0	1	101	1040686	1040586	0	99	71	plus	minus	101	9CG17GC42CT8TC1CT2CT16	4	-	1:45	-	-	-	-	71
K00337:360:HGLT2BBXY:6:1109:22485:37466	829091544	94.0594	0	0	0	1	101	15782	15682	0	99	71	plus	minus	101	9CG17GC42CT8TC1CT2CT16	4	-	1:46	-	-	-	-	71
K00337:360:HGLT2BBXY:6:1109:22485:37466	1122357335	94.0594	0	0	0	1	101	14309	14209	0	99	71	plus	minus	101	9CG17GC42CT8TC1CT2CT16	4	-	1:47	-	-	-	-	71
K00337:360:HGLT2BBXY:6:1109:22485:37466	1122363542	94.0594	0	0	0	1	101	13039	12939	0	99	71	plus	minus	101	9CG17GC42CT8TC1CT2CT16	4	-	1:48	-	-	-	-	71
K00337:360:HGLT2BBXY:6:1109:23013:37466	-	0	0	0	0	0	0	0	0	0	99	0	-	-	101	-	0	-	-	-	-	-	-	0
K00337:360:HGLT2BBXY:6:1109:7638:37273	-	0	0	0	0	0	0	0	0	0	99	0	-	-	101	-	0	-	-	-	-	-	-	0
K00337:360:HGLT2BBXY:6:1109:7659:37273	-	0	0	0	0	0	0	0	0	0	99	0	-	-	101	-	0	-	-	-	-	-	-	0
K00337:360:HGLT2BBXY:6:1109:8024:37273	-	0	0	0	0	0	0	0	0	0	99	0	-	-	101	-	0	-	-	-	-	-	-	0
K00337:360:HGLT2BBXY:6:1109:8308:37273	-	0	0	0	0	0	0	0	0	0	99	0	-	-	82	-	0	-	-	-	-	-	-	0
K00337:360:HGLT2BBXY:6:1109:13514:37326	-	0	0	0	0	0	0	0	0	0	99	0	-	-	101	-	0	-	-	-	-	-	-	0
K00337:360:HGLT2BBXY:6:1109:13839:37326	921273822	100	0	0	0	9	39	27815	27845	0	99	31	plus	plus	39	31	3	-	1:18	GCCAGGGT	-	-	-	31
K00337:360:HGLT2BBXY:6:1109:13839:37326	1011911251	100	0	0	0	9	39	711956	711986	0	99	31	plus	plus	39	31	3	-	1:19	GCCAGGGT	-	-	-	31
K00337:360:HGLT2BBXY:6:1109:13839:37326	1011237662	100	0	0	0	9	39	509688	509718	0	99	31	plus	plus	39	31	3	-	1:20	GCCAGGGT	-	-	-	31
K00337:360:HGLT2BBXY:6:1109:13981:37326	666359773	98.0198	0	0	0	1	101	16185364	16185464	0	99	91	plus	plus	101	11TC70CT18	1	-	1:21	-	-	-	-	91
K00337:360:HGLT2BBXY:6:1109:22485:37466	752558267	94.0594	0	0	0	1	101	1040686	1040586	0	99	71	plus	minus	101	9CG17GC42CT8TC1CT2CT16	4	-	1:45	-	-	-	-	71
K00337:360:HGLT2BBXY:6:1109:22485:37466	829091544	94.0594	0	0	0	1	101	15782	15682	0	99	71	plus	minus	101	9CG17GC42CT8TC1CT2CT16	4	-	1:46	-	-	-	-	71	
K00337:360:HGLT2BBXY:6:1109:22485:37466	1122357335	94.0594	0	0	0	1	101	14309	14209	0	99	71	plus	minus	101	9CG17GC42CT8TC1CT2CT16	4	-	1:47	-	-	-	-	71
K00337:360:HGLT2BBXY:6:1109:22485:37466	1122363542	94.0594	0	0	0	1	101	13039	12939	0	99	71	plus	minus	101	9CG17GC42CT8TC1CT2CT16	4	-	1:48	-	-	-	-	71
K00337:360:HGLT2BBXY:6:1109:23013:37466	-	0	0	0	0	0	0	0	0	0	99	0	-	-	101	-	0	-	-	-	-	-	-	0	
